{
	"id": "caa5f9cd-d660-6ad9-825b-b9b98d5b4b1c",
	"name": "bebeywei-app-api",
	"description": "详细见文档《卫小宝_APP接口协议》",
	"order": [
		"72109833-d40b-90a6-104b-1a2e95d29829",
		"d407f260-4f83-fe5d-826b-1af8599763ca",
		"3142963f-4d62-e6ef-df24-03232c8faf05",
		"9a569777-28ec-74dd-5eef-5a62112b36e3",
		"0e293d0f-c5d1-4b3a-0963-413b8c8c9733",
		"37883aed-437d-28d3-1d18-1a61bc2ec151",
		"42055048-73b8-c34c-42b8-01b6ceb6dc39",
		"aea2c960-3e2d-c2c9-4c69-88c4832e3ced",
		"fef6a328-23c6-54ef-4cf9-02c3936b397e",
		"18ecca6a-df1e-c34f-40bd-f9c44e991399",
		"b6fa5759-92da-713a-31c6-b4ed8da58469",
		"afd658f4-c81b-3d2c-3b79-27a2340ed1ee",
		"14153469-2472-e697-3caa-cf6ba447f483",
		"bbb2cf5b-7d98-a9d1-f1ed-d18ca439eb39",
		"409cf551-8161-3c8b-289f-662e8d96c3ce",
		"9966a393-bb84-e732-3fac-a8bc63eabc0d",
		"65b07eaf-e7e3-9a5b-1bad-e27d9393efae",
		"8685df34-ceee-6839-556b-07cb98c3b247",
		"59fbed71-5dd8-3779-27a3-ec91528ff88f",
		"a0ca5926-fff4-55d2-bad6-3133166fd7fe",
		"e8ca91de-1242-727a-7af5-97d58712dcd6",
		"bed4951d-0828-d0a6-6d80-51262882b0d9",
		"51111662-ef49-8b71-394c-4c1deb5d206a",
		"c93509c5-178c-21f9-e8a0-9f398ce4ce3d",
		"6422308b-924c-3c08-2368-5639cb1c4696",
		"a2383ec0-73a5-3759-4020-b8f61aebbd8a"
	],
	"folders": [],
	"timestamp": 1395901305729,
	"owner": "118886",
	"public": false,
	"published": false,
	"requests": [
		{
			"id": "0e293d0f-c5d1-4b3a-0963-413b8c8c9733",
			"headers": "",
			"url": "http://{{ip_01}}:{{port_01}}/umeox/api/holder/detail.json?monitorId=监护编号&holderId=持有者编号",
			"pathVariables": {},
			"method": "GET",
			"data": [
				{
					"key": "holderId",
					"value": "1",
					"type": "text"
				},
				{
					"key": "memberId",
					"value": "3",
					"type": "text"
				}
			],
			"dataMode": "params",
			"version": 2,
			"tests": "",
			"time": 1396680238899,
			"name": "获取持有者的详细信息",
			"description": "",
			"collectionId": "caa5f9cd-d660-6ad9-825b-b9b98d5b4b1c",
			"responses": [],
			"preRequestScript": ""
		},
		{
			"id": "14153469-2472-e697-3caa-cf6ba447f483",
			"headers": "",
			"url": "http://{{ip_01}}:{{port_01}}/umeox/api/barrier/set.json",
			"pathVariables": {},
			"method": "POST",
			"data": [
				{
					"key": "holderId",
					"value": "持有者编号",
					"type": "text"
				},
				{
					"key": "memberId",
					"value": "会员编号",
					"type": "text"
				},
				{
					"key": "latitude",
					"value": "纬度",
					"type": "text"
				},
				{
					"key": "address",
					"value": "地址",
					"type": "text"
				},
				{
					"key": "radius",
					"value": "半径",
					"type": "text"
				},
				{
					"key": "longitude",
					"value": "经度",
					"type": "text"
				}
			],
			"dataMode": "params",
			"version": 2,
			"tests": "",
			"time": 1396680387620,
			"name": "设定安全区域",
			"description": "",
			"collectionId": "caa5f9cd-d660-6ad9-825b-b9b98d5b4b1c",
			"responses": [],
			"preRequestScript": ""
		},
		{
			"id": "18ecca6a-df1e-c34f-40bd-f9c44e991399",
			"headers": "",
			"url": "http://{{ip_01}}:{{port_01}}/umeox/api/common/msg.json?mobile=手机&type=短信类型0 注册 1 忘记密码",
			"pathVariables": {},
			"method": "GET",
			"data": [
				{
					"key": "memberId",
					"value": "会员编号",
					"type": "text"
				},
				{
					"key": "imei",
					"value": "设备IMEI",
					"type": "text"
				}
			],
			"dataMode": "params",
			"version": 2,
			"tests": "",
			"time": 1396680302548,
			"name": "发送短信获取验证码",
			"description": "",
			"collectionId": "caa5f9cd-d660-6ad9-825b-b9b98d5b4b1c",
			"responses": [],
			"preRequestScript": ""
		},
		{
			"id": "3142963f-4d62-e6ef-df24-03232c8faf05",
			"headers": "",
			"url": "http://{{ip_01}}:{{port_01}}/umeox/api/member/upass.json",
			"pathVariables": {},
			"method": "POST",
			"data": [
				{
					"key": "mobile",
					"value": "手机",
					"type": "text"
				},
				{
					"key": "password",
					"value": "旧密码",
					"type": "text"
				},
				{
					"key": "newpass",
					"value": "新密码",
					"type": "text"
				},
				{
					"key": "code",
					"value": "验证码",
					"type": "text"
				}
			],
			"dataMode": "params",
			"version": 2,
			"tests": "",
			"time": 1396696311988,
			"name": "修改密码",
			"description": "",
			"collectionId": "caa5f9cd-d660-6ad9-825b-b9b98d5b4b1c",
			"responses": [],
			"preRequestScript": ""
		},
		{
			"id": "37883aed-437d-28d3-1d18-1a61bc2ec151",
			"headers": "",
			"url": "http://{{ip_01}}:{{port_01}}/umeox/api/holder/list.json?memberId=会员编号",
			"pathVariables": {},
			"method": "GET",
			"data": [
				{
					"key": "holderId",
					"value": "1",
					"type": "text"
				},
				{
					"key": "memberId",
					"value": "3",
					"type": "text"
				}
			],
			"dataMode": "params",
			"version": 2,
			"tests": "",
			"time": 1396680247095,
			"name": "用户获取关注的设备持有者列表",
			"description": "",
			"collectionId": "caa5f9cd-d660-6ad9-825b-b9b98d5b4b1c",
			"responses": [],
			"preRequestScript": ""
		},
		{
			"id": "409cf551-8161-3c8b-289f-662e8d96c3ce",
			"headers": "",
			"url": "http://{{ip_01}}:{{port_01}}/umeox/api/barrier/delete.json",
			"pathVariables": {},
			"method": "POST",
			"data": [
				{
					"key": "holderId",
					"value": "持有者编号",
					"type": "text"
				},
				{
					"key": "memberId",
					"value": "会员编号",
					"type": "text"
				},
				{
					"key": "barrierId",
					"value": "安全区域编号",
					"type": "text"
				}
			],
			"dataMode": "params",
			"version": 2,
			"tests": "",
			"time": 1396680403512,
			"name": "删除安全区域",
			"description": "",
			"collectionId": "caa5f9cd-d660-6ad9-825b-b9b98d5b4b1c",
			"responses": [],
			"preRequestScript": ""
		},
		{
			"id": "42055048-73b8-c34c-42b8-01b6ceb6dc39",
			"headers": "",
			"url": "http://{{ip_01}}:{{port_01}}/umeox/api/monitor/list.json?holderId=持有者编号",
			"pathVariables": {},
			"method": "GET",
			"data": [
				{
					"key": "holderId",
					"value": "1",
					"type": "text"
				},
				{
					"key": "memberId",
					"value": "3",
					"type": "text"
				}
			],
			"dataMode": "params",
			"version": 2,
			"tests": "",
			"time": 1396680253400,
			"name": "根据持有者获取监护人列表（亲人圈子）",
			"description": "",
			"collectionId": "caa5f9cd-d660-6ad9-825b-b9b98d5b4b1c",
			"responses": [],
			"preRequestScript": ""
		},
		{
			"id": "51111662-ef49-8b71-394c-4c1deb5d206a",
			"headers": "",
			"url": "http://{{ip_01}}:{{port_01}}/umeox/api/record/delete.json",
			"pathVariables": {},
			"method": "POST",
			"data": [
				{
					"key": "recordId",
					"value": "语音记录编号",
					"type": "text"
				}
			],
			"dataMode": "params",
			"name": "删除录音记录",
			"description": "",
			"descriptionFormat": "html",
			"time": 1396761523263,
			"version": 2,
			"responses": [],
			"tests": "",
			"collectionId": "caa5f9cd-d660-6ad9-825b-b9b98d5b4b1c",
			"preRequestScript": ""
		},
		{
			"id": "59fbed71-5dd8-3779-27a3-ec91528ff88f",
			"headers": "",
			"url": "http://{{ip_01}}:{{port_01}}/umeox/api/command/save.json",
			"pathVariables": {},
			"method": "POST",
			"data": [
				{
					"key": "mobile",
					"value": "会员手机号",
					"type": "text"
				},
				{
					"key": "imei",
					"value": "设备IMEI",
					"type": "text"
				},
				{
					"key": "code",
					"value": "命令随机代码",
					"type": "text"
				},
				{
					"key": "type",
					"value": "命令类型（1 定位 2 语音）",
					"type": "text"
				},
				{
					"key": "remark",
					"value": "附加信息（不必填）",
					"type": "text"
				}
			],
			"dataMode": "params",
			"version": 2,
			"tests": "",
			"time": 1396680831164,
			"name": "向服务端发送保存命令",
			"description": "",
			"collectionId": "caa5f9cd-d660-6ad9-825b-b9b98d5b4b1c",
			"responses": [],
			"preRequestScript": ""
		},
		{
			"id": "6422308b-924c-3c08-2368-5639cb1c4696",
			"headers": "",
			"url": "http://{{ip_01}}:{{port_01}}/umeox/api/message/delete.json",
			"pathVariables": {},
			"method": "POST",
			"data": [
				{
					"key": "messageId",
					"value": "消息编号",
					"type": "text"
				}
			],
			"dataMode": "params",
			"name": "删除系统消息",
			"description": "",
			"descriptionFormat": "html",
			"time": 1396761781937,
			"version": 2,
			"responses": [],
			"tests": "",
			"collectionId": "caa5f9cd-d660-6ad9-825b-b9b98d5b4b1c",
			"preRequestScript": ""
		},
		{
			"id": "65b07eaf-e7e3-9a5b-1bad-e27d9393efae",
			"headers": "",
			"url": "http://{{ip_01}}:{{port_01}}/umeox/api/holder/sos.json",
			"pathVariables": {},
			"method": "POST",
			"data": [
				{
					"key": "monitorId",
					"value": "监护编号",
					"type": "text"
				},
				{
					"key": "memberId",
					"value": "会员编号",
					"type": "text"
				},
				{
					"key": "holderId",
					"value": "持有者编号",
					"type": "text"
				},
				{
					"key": "sos",
					"value": "SOS手机号",
					"type": "text"
				},
				{
					"key": "sos",
					"value": "SOS手机号",
					"type": "text"
				},
				{
					"key": "sos",
					"value": "SOS手机号",
					"type": "text"
				}
			],
			"dataMode": "params",
			"version": 2,
			"tests": "",
			"time": 1396680441156,
			"name": "SOS设定",
			"description": "",
			"collectionId": "caa5f9cd-d660-6ad9-825b-b9b98d5b4b1c",
			"responses": [],
			"preRequestScript": ""
		},
		{
			"id": "72109833-d40b-90a6-104b-1a2e95d29829",
			"headers": "",
			"url": "http://{{ip_01}}:{{port_01}}/umeox/api/member/regist.json",
			"pathVariables": {},
			"method": "POST",
			"data": [
				{
					"key": "mobile",
					"value": "手机",
					"type": "text"
				},
				{
					"key": "password",
					"value": "密码",
					"type": "text"
				},
				{
					"key": "code",
					"value": "验证码",
					"type": "text"
				}
			],
			"dataMode": "params",
			"version": 2,
			"tests": "",
			"time": 1396768766157,
			"name": "注册",
			"description": "",
			"collectionId": "caa5f9cd-d660-6ad9-825b-b9b98d5b4b1c",
			"responses": [],
			"preRequestScript": ""
		},
		{
			"id": "8685df34-ceee-6839-556b-07cb98c3b247",
			"headers": "",
			"url": "http://{{ip_01}}:{{port_01}}/umeox/api/holder/frequency.json",
			"pathVariables": {},
			"method": "POST",
			"data": [
				{
					"key": "monitorId",
					"value": "监护编号",
					"type": "text"
				},
				{
					"key": "holderId",
					"value": "持有者编号",
					"type": "text"
				},
				{
					"key": "frequency",
					"value": "定位频率（1-4）",
					"type": "text"
				}
			],
			"dataMode": "params",
			"version": 2,
			"tests": "",
			"time": 1396680480422,
			"name": "定位频率设定",
			"description": "",
			"collectionId": "caa5f9cd-d660-6ad9-825b-b9b98d5b4b1c",
			"responses": [],
			"preRequestScript": ""
		},
		{
			"id": "9966a393-bb84-e732-3fac-a8bc63eabc0d",
			"headers": "",
			"url": "http://{{ip_01}}:{{port_01}}/umeox/api/barrier/list.json?holderId=持有者编号&memberId=会员编号",
			"pathVariables": {},
			"method": "GET",
			"data": [
				{
					"key": "holderId",
					"value": "持有者编号",
					"type": "text"
				},
				{
					"key": "memberId",
					"value": "会员编号",
					"type": "text"
				},
				{
					"key": "barrierId",
					"value": "安全区域编号",
					"type": "text"
				}
			],
			"dataMode": "params",
			"version": 2,
			"tests": "",
			"time": 1396680413259,
			"name": "查询安全区域列表",
			"description": "",
			"collectionId": "caa5f9cd-d660-6ad9-825b-b9b98d5b4b1c",
			"responses": [],
			"preRequestScript": ""
		},
		{
			"id": "9a569777-28ec-74dd-5eef-5a62112b36e3",
			"headers": "",
			"url": "http://{{ip_01}}:{{port_01}}/umeox/api/holder/update.json",
			"pathVariables": {},
			"method": "POST",
			"data": [
				{
					"key": "birthday",
					"value": "生日",
					"type": "text"
				},
				{
					"key": "grade",
					"value": "年级",
					"type": "text"
				},
				{
					"key": "name",
					"value": "昵称",
					"type": "text"
				},
				{
					"key": "id",
					"value": "持有者编号（holder ID）",
					"type": "text"
				},
				{
					"key": "monitorId",
					"value": "监护编号",
					"type": "text"
				},
				{
					"key": "relation",
					"value": "关系",
					"type": "text"
				},
				{
					"key": "avatar",
					"value": "头像",
					"type": "text"
				},
				{
					"key": "freq",
					"value": "定位频率（1-4）",
					"type": "text"
				},
				{
					"key": "file",
					"value": "",
					"type": "file"
				}
			],
			"dataMode": "params",
			"version": 2,
			"tests": "",
			"time": 1396782525033,
			"name": "修改持有者信息",
			"description": "（只有管理者才能修改头像信息）",
			"collectionId": "caa5f9cd-d660-6ad9-825b-b9b98d5b4b1c",
			"responses": [],
			"preRequestScript": ""
		},
		{
			"id": "a0ca5926-fff4-55d2-bad6-3133166fd7fe",
			"headers": "",
			"url": "http://{{ip_01}}:{{port_01}}/umeox/api/holder/bind.json",
			"pathVariables": {},
			"method": "POST",
			"data": [
				{
					"key": "memberId",
					"value": "会员手机号",
					"type": "text"
				},
				{
					"key": "imei",
					"value": "设备IMEI",
					"type": "text"
				},
				{
					"key": "code",
					"value": "验证码（测试非必填）",
					"type": "text"
				},
				{
					"key": "command",
					"value": "命令（测试非必填）",
					"type": "text"
				}
			],
			"dataMode": "params",
			"name": "绑定设备",
			"description": "",
			"descriptionFormat": "html",
			"time": 1396682341604,
			"version": 2,
			"responses": [],
			"tests": "",
			"collectionId": "caa5f9cd-d660-6ad9-825b-b9b98d5b4b1c",
			"preRequestScript": ""
		},
		{
			"id": "a2383ec0-73a5-3759-4020-b8f61aebbd8a",
			"headers": "",
			"url": "http://192.168.1.201:8080/umeox/api/common/check_update.json?version=版本号",
			"pathVariables": {},
			"method": "GET",
			"data": [
				{
					"key": "memberId",
					"value": "5",
					"type": "text"
				},
				{
					"key": "imei",
					"value": "818697403763570",
					"type": "text"
				}
			],
			"dataMode": "params",
			"name": "检查更新",
			"description": "",
			"descriptionFormat": "html",
			"time": 1398066216811,
			"version": 2,
			"responses": [],
			"tests": "",
			"collectionId": "caa5f9cd-d660-6ad9-825b-b9b98d5b4b1c",
			"preRequestScript": ""
		},
		{
			"id": "aea2c960-3e2d-c2c9-4c69-88c4832e3ced",
			"headers": "",
			"url": "http://{{ip_01}}:{{port_01}}/umeox/api/monitor/apply.json",
			"pathVariables": {},
			"method": "POST",
			"data": [
				{
					"key": "imei",
					"value": "设备IMEI",
					"type": "text"
				},
				{
					"key": "memberId",
					"value": "会员编号",
					"type": "text"
				}
			],
			"dataMode": "params",
			"version": 2,
			"tests": "",
			"time": 1396758089301,
			"name": "申请成为设备监护人-需要审核",
			"description": "",
			"collectionId": "caa5f9cd-d660-6ad9-825b-b9b98d5b4b1c",
			"responses": [],
			"preRequestScript": ""
		},
		{
			"id": "afd658f4-c81b-3d2c-3b79-27a2340ed1ee",
			"headers": "",
			"url": "http://{{ip_01}}:{{port_01}}/umeox/api/monitor/accept.json",
			"pathVariables": {},
			"method": "POST",
			"data": [
				{
					"key": "memberId",
					"value": "会员编号",
					"type": "text"
				},
				{
					"key": "imei",
					"value": "设备IMEI",
					"type": "text"
				}
			],
			"dataMode": "params",
			"version": 2,
			"tests": "",
			"time": 1396680339022,
			"name": "答应邀约设备监护人",
			"description": "",
			"collectionId": "caa5f9cd-d660-6ad9-825b-b9b98d5b4b1c",
			"responses": [],
			"preRequestScript": ""
		},
		{
			"id": "b6fa5759-92da-713a-31c6-b4ed8da58469",
			"headers": "",
			"url": "http://{{ip_01}}:{{port_01}}/umeox/api/position/list.json?holderId=持有者编号&dept=开始时间2012-01-01 10:49:19&dest=结束时间2013-01-02 10:49:19&mobile=会员手机号",
			"pathVariables": {},
			"method": "GET",
			"data": [
				{
					"key": "memberId",
					"value": "会员手机号",
					"type": "text"
				},
				{
					"key": "imei",
					"value": "设备IMEI",
					"type": "text"
				},
				{
					"key": "code",
					"value": "验证码（测试非必填）",
					"type": "text"
				},
				{
					"key": "command",
					"value": "命令（测试非必填）",
					"type": "text"
				},
				{
					"key": "mobile",
					"value": "手机",
					"type": "text"
				}
			],
			"dataMode": "params",
			"version": 2,
			"tests": "",
			"time": 1396686561852,
			"name": "打点查询",
			"description": "",
			"collectionId": "caa5f9cd-d660-6ad9-825b-b9b98d5b4b1c",
			"responses": [],
			"preRequestScript": ""
		},
		{
			"id": "bbb2cf5b-7d98-a9d1-f1ed-d18ca439eb39",
			"headers": "",
			"url": "http://{{ip_01}}:{{port_01}}/umeox/api/barrier/open.json",
			"pathVariables": {},
			"method": "POST",
			"data": [
				{
					"key": "holderId",
					"value": "持有者编号",
					"type": "text"
				},
				{
					"key": "barrierId",
					"value": "安全区域编号",
					"type": "text"
				}
			],
			"dataMode": "params",
			"name": "开启安全区域",
			"description": "",
			"descriptionFormat": "html",
			"time": 1397899536288,
			"version": 2,
			"responses": [],
			"tests": "",
			"collectionId": "caa5f9cd-d660-6ad9-825b-b9b98d5b4b1c",
			"preRequestScript": ""
		},
		{
			"id": "bed4951d-0828-d0a6-6d80-51262882b0d9",
			"headers": "",
			"url": "http://{{ip_01}}:{{port_01}}/umeox/api/record/list.json?memberId=会员编号&holderId=持有者编号&date=时间（2014-05-13）",
			"pathVariables": {},
			"method": "GET",
			"data": [
				{
					"key": "recordId",
					"value": "语音记录编号",
					"type": "text"
				}
			],
			"dataMode": "params",
			"version": 2,
			"tests": "",
			"time": 1396862003712,
			"name": "查询语音监控",
			"description": "",
			"collectionId": "caa5f9cd-d660-6ad9-825b-b9b98d5b4b1c",
			"responses": [],
			"preRequestScript": ""
		},
		{
			"id": "c93509c5-178c-21f9-e8a0-9f398ce4ce3d",
			"headers": "",
			"url": "http://{{ip_01}}:{{port_01}}/umeox/api/message/list.json?memberId=会员编号&holderId=持有编号&date=时间",
			"pathVariables": {},
			"method": "GET",
			"data": [
				{
					"key": "recordId",
					"value": "语音记录编号",
					"type": "text"
				}
			],
			"dataMode": "params",
			"version": 2,
			"tests": "",
			"time": 1396862098040,
			"name": "查询消息列表",
			"description": "",
			"collectionId": "caa5f9cd-d660-6ad9-825b-b9b98d5b4b1c",
			"responses": [],
			"preRequestScript": ""
		},
		{
			"id": "d407f260-4f83-fe5d-826b-1af8599763ca",
			"headers": "",
			"url": "http://{{ip_01}}:{{port_01}}/umeox/api/member/login.json",
			"pathVariables": {},
			"method": "POST",
			"data": [
				{
					"key": "mobile",
					"value": "手机",
					"type": "text"
				},
				{
					"key": "password",
					"value": "密码",
					"type": "text"
				}
			],
			"dataMode": "params",
			"version": 2,
			"tests": "",
			"time": 1396680198064,
			"name": "登陆",
			"description": "",
			"collectionId": "caa5f9cd-d660-6ad9-825b-b9b98d5b4b1c",
			"responses": [],
			"preRequestScript": ""
		},
		{
			"id": "e8ca91de-1242-727a-7af5-97d58712dcd6",
			"headers": "",
			"url": "http://{{ip_01}}:{{port_01}}/umeox/api/server/get.json?imei=设备IMEI",
			"pathVariables": {},
			"method": "GET",
			"data": [
				{
					"key": "memberId",
					"value": "会员手机号",
					"type": "text"
				},
				{
					"key": "imei",
					"value": "设备IMEI",
					"type": "text"
				},
				{
					"key": "code",
					"value": "验证码（测试非必填）",
					"type": "text"
				},
				{
					"key": "command",
					"value": "命令（测试非必填）",
					"type": "text"
				}
			],
			"dataMode": "params",
			"version": 2,
			"tests": "",
			"time": 1396761366787,
			"name": "获取服务器",
			"description": "",
			"collectionId": "caa5f9cd-d660-6ad9-825b-b9b98d5b4b1c",
			"responses": [],
			"preRequestScript": ""
		},
		{
			"id": "fef6a328-23c6-54ef-4cf9-02c3936b397e",
			"headers": "",
			"url": "http://{{ip_01}}:{{port_01}}/umeox/api/monitor/pass.json",
			"pathVariables": {},
			"method": "POST",
			"data": [
				{
					"key": "memberId",
					"value": "会员编号",
					"type": "text"
				},
				{
					"key": "imei",
					"value": "设备IMEI",
					"type": "text"
				}
			],
			"dataMode": "params",
			"version": 2,
			"tests": "",
			"time": 1396680282198,
			"name": "审核通过成为设备监护人",
			"description": "",
			"collectionId": "caa5f9cd-d660-6ad9-825b-b9b98d5b4b1c",
			"responses": [],
			"preRequestScript": ""
		}
	]
}