{
	"id": "9e90e5fd-0956-9c9a-5bfa-7f63f98aab4e",
	"name": "K3手表的API",
	"description": "模块：wxb-k3-devcie-api \nK3设备（手表相关接口）的API\n2016-07-08 制成",
	"order": [],
	"folders": [
		{
			"id": "5eb4c5ac-9a16-ef19-9433-1e0cf8dfb91e",
			"name": "1.\t规范说明",
			"description": "见文档",
			"order": [],
			"owner": "118886",
			"collectionId": "4cc15023-001e-e37c-4fa3-f75689859836"
		},
		{
			"id": "65e4ecbd-28ef-82b8-b137-7abe122285ab",
			"name": "2.\t访问授权",
			"description": "获取接口调用凭证，访问API接口前需要先从卫小宝服务端获取调用凭证access_token，此凭证具有过期时间，当超出过期时间，需要重新获取。",
			"order": [
				"0ebac837-3204-2d1b-7782-10ce23a2b597"
			],
			"owner": "118886"
		},
		{
			"id": "e62342c2-a290-7c9e-f2ad-17addba9eba2",
			"name": "3.\t设备相关接口",
			"description": "",
			"order": [
				"7b311ad0-91d8-e17e-eda9-9bd331e4e166",
				"4d2af1e8-8289-dea9-2f0b-5cc43259af83",
				"528da025-ce7e-f2bf-0101-ec2f0987117b",
				"7d201b88-474e-632c-6fb2-f5ad31605504",
				"b71225f1-d0b4-5bd5-26b2-c43a7473342b",
				"de8285a4-2993-b15b-1de9-ceaec9d0ea2f",
				"d4c64cec-c2fe-0950-64a3-79efe4c63d4b",
				"f3e2c26c-78b5-fb78-3c01-025ae2a30bd1",
				"d3fb599c-f499-8017-c057-998e2d667403",
				"facdf6d9-9c62-b452-ec1c-3be359a94d38",
				"9e32eb96-55e0-ec81-a09b-832d15210507",
				"84c879fb-7bb9-a7d1-9eed-3ee11eca04d8",
				"60453006-2b49-9af9-dfe2-43cb45233b73",
				"8ef3dc86-ac31-7ebe-29f8-4029ffcdcd42",
				"b675cc31-e91f-0929-990b-3e62b520b013",
				"42975a4c-c4c3-7095-6424-01bc517473c8",
				"d3f236c2-0e2c-e51b-99ea-2af389fc97bc",
				"4056a359-9394-7aad-fcb4-83d18fb1ccbf"
			],
			"owner": "118886"
		},
		{
			"id": "c9d896ce-81b0-75f5-64f7-a29e2405a563",
			"name": "4.\t消息和推送接口",
			"description": "",
			"order": [],
			"owner": "118886"
		},
		{
			"id": "be40ca42-15ff-a1fd-b741-63b995668930",
			"name": "5.\t公共接口",
			"description": "",
			"order": [
				"8ad446cf-f23f-b228-7f87-a9946eecb39d"
			],
			"owner": "118886"
		},
		{
			"id": "07f08464-c058-b914-57ac-deeeda12a2e8",
			"name": "6.\t错误编码",
			"description": "",
			"order": [],
			"owner": "118886"
		}
	],
	"timestamp": 1466146907563,
	"owner": "118886",
	"public": false,
	"published": false,
	"requests": [
		{
			"id": "0ebac837-3204-2d1b-7782-10ce23a2b597",
			"headers": "",
			"url": "{{ip}}:{{port}}/umeox/oauth2/accessToken",
			"preRequestScript": null,
			"pathVariables": {},
			"method": "POST",
			"data": [],
			"dataMode": "raw",
			"version": 2,
			"tests": null,
			"currentHelper": "normal",
			"helperAttributes": {},
			"time": 1469003709474,
			"name": "/oauth2/accessToken——2.1获取访问accessToken(手表)",
			"description": "所有下面的接口都必须调用此接口获取访问凭证accessToken：\n1、手表设备通过授权类型：client_credentials获取访问token\n2、Android和Ios的APP只能通过授权类型为password获取访问token3、接口5.1.获取服器配置信息不需要token\n",
			"collectionId": "9e90e5fd-0956-9c9a-5bfa-7f63f98aab4e",
			"responses": [],
			"rawModeData": "{\r\n\"client_id\":\"wherecom_k3_api_device\",\r\n\"client_secret\":\"acd8ba4e1b9d2f301a9c82f38e441b39\",\r\n\"grant_type\":\"client_credentials\"\r\n}"
		},
		{
			"id": "4056a359-9394-7aad-fcb4-83d18fb1ccbf",
			"headers": "",
			"url": "http://{{ip}}:{{port}}/umeox/device/config/get?access_token=fe10a299-6950-4f57-a163-6d4b4171aac3&deviceId=860701030001806&timeZoneId=Asia/Shanghai&mcc=460&iccid=11111111111111111111",
			"preRequestScript": null,
			"pathVariables": {},
			"method": "GET",
			"data": null,
			"dataMode": "params",
			"version": 2,
			"tests": null,
			"currentHelper": "normal",
			"helperAttributes": {},
			"time": 1469005922758,
			"name": "/device/config/get——3.1.获取设备初始配置信息 copy",
			"description": "获取设备信息\n1、deviceId使用IMEI号\n2、iccid代表着手机卡\n3、当服务器的环境为国内环境时，需要校验\n    a、手机卡是否匹配\n    b、是否为合约机\n\n",
			"collectionId": "9e90e5fd-0956-9c9a-5bfa-7f63f98aab4e",
			"responses": []
		},
		{
			"id": "42975a4c-c4c3-7095-6424-01bc517473c8",
			"headers": "",
			"url": "http://{{ip}}:{{port}}/umeox/device/vedio/notifyLoginAgora?access_token=fe10a299-6950-4f57-a163-6d4b4171aac3&deviceId=357409039059268",
			"pathVariables": {},
			"preRequestScript": null,
			"method": "POST",
			"collectionId": "9e90e5fd-0956-9c9a-5bfa-7f63f98aab4e",
			"data": [],
			"dataMode": "raw",
			"name": "/umeox/device/vedio/notifyLoginAgora——3.20.通知对方登录声网视频通话服务",
			"description": "friendId 好友 ID，手机号码或邮箱",
			"descriptionFormat": "html",
			"time": 1467968961797,
			"version": 2,
			"responses": [],
			"tests": null,
			"currentHelper": "normal",
			"helperAttributes": {},
			"folder": "e62342c2-a290-7c9e-f2ad-17addba9eba2",
			"rawModeData": "{\r\n \"deviceId\":\"357409039059268\",\r\n \"friendId\":\"160708170100\"\r\n}\r\n"
		},
		{
			"id": "4d2af1e8-8289-dea9-2f0b-5cc43259af83",
			"headers": "",
			"url": "http://{{ip}}:{{port}}/umeox/device/friend/list?deviceId=357409039059268&access_token=fe10a299-6950-4f57-a163-6d4b4171aac3",
			"preRequestScript": null,
			"pathVariables": {},
			"method": "GET",
			"data": [],
			"dataMode": "raw",
			"version": 2,
			"tests": null,
			"currentHelper": "normal",
			"helperAttributes": {},
			"time": 1467956981319,
			"name": "/device/friend/list——3.2.获取好友列表",
			"description": "deviceId取设备的imei号",
			"collectionId": "9e90e5fd-0956-9c9a-5bfa-7f63f98aab4e",
			"responses": [],
			"folder": "e62342c2-a290-7c9e-f2ad-17addba9eba2",
			"rawModeData": "{\r\n\"client_id\":\"wherecom_k3_api_device\",\r\n\"client_secret\":\"acd8ba4e1b9d2f301a9c82f38e441b39\",\r\n\"grant_type\":\"client_credentials\"\r\n}"
		},
		{
			"id": "528da025-ce7e-f2bf-0101-ec2f0987117b",
			"headers": "",
			"url": "http://{{ip}}:{{port}}/umeox/device/contact/list?deviceId=357409039059268&access_token=fe10a299-6950-4f57-a163-6d4b4171aac3",
			"pathVariables": {},
			"preRequestScript": null,
			"method": "GET",
			"collectionId": "9e90e5fd-0956-9c9a-5bfa-7f63f98aab4e",
			"data": null,
			"dataMode": "params",
			"name": "/device/contact/list——3.3.设备联系人查询",
			"description": "",
			"descriptionFormat": "html",
			"time": 1467957144637,
			"version": 2,
			"responses": [],
			"tests": null,
			"currentHelper": "normal",
			"helperAttributes": {},
			"folder": "e62342c2-a290-7c9e-f2ad-17addba9eba2"
		},
		{
			"id": "60453006-2b49-9af9-dfe2-43cb45233b73",
			"headers": "",
			"url": "http://{{ip}}:{{port}}/umeox/device/message/list?access_token=fe10a299-6950-4f57-a163-6d4b4171aac3&deviceId=357409039059268&friendId&type&messageId",
			"pathVariables": {},
			"preRequestScript": null,
			"method": "GET",
			"collectionId": "9e90e5fd-0956-9c9a-5bfa-7f63f98aab4e",
			"data": null,
			"dataMode": "params",
			"name": "/umeox/device/message/list——3.17\t获取最近聊天消息列表",
			"description": "未测试，没完整的信息，不好测\n根据客户端消息ID,获取最近聊天消息列表。",
			"descriptionFormat": "html",
			"time": 1467968295872,
			"version": 2,
			"responses": [],
			"tests": null,
			"currentHelper": "normal",
			"helperAttributes": {},
			"folder": "e62342c2-a290-7c9e-f2ad-17addba9eba2"
		},
		{
			"id": "7b311ad0-91d8-e17e-eda9-9bd331e4e166",
			"headers": "",
			"url": "http://{{ip}}:{{port}}/umeox/device/config/get?access_token=fe10a299-6950-4f57-a163-6d4b4171aac3&deviceId=866949021300471&timeZoneId=Asia/Shanghai&mcc=460&iccid=11111111111111111111",
			"preRequestScript": null,
			"pathVariables": {},
			"method": "GET",
			"data": null,
			"dataMode": "params",
			"version": 2,
			"tests": null,
			"currentHelper": "normal",
			"helperAttributes": {},
			"time": 1467944355323,
			"name": "/device/config/get——3.1.获取设备初始配置信息",
			"description": "获取设备信息\n1、deviceId使用IMEI号\n2、iccid代表着手机卡\n3、当服务器的环境为国内环境时，需要校验\n    a、手机卡是否匹配\n    b、是否为合约机\n\n",
			"collectionId": "9e90e5fd-0956-9c9a-5bfa-7f63f98aab4e",
			"responses": [],
			"folder": "e62342c2-a290-7c9e-f2ad-17addba9eba2"
		},
		{
			"id": "7d201b88-474e-632c-6fb2-f5ad31605504",
			"headers": "",
			"url": "http://{{ip}}:{{port}}/umeox/device/contact/update?access_token=fe10a299-6950-4f57-a163-6d4b4171aac3",
			"pathVariables": {},
			"preRequestScript": null,
			"method": "POST",
			"collectionId": "9e90e5fd-0956-9c9a-5bfa-7f63f98aab4e",
			"data": [
				{
					"key": "deviceId",
					"value": "357409039059268",
					"type": "text",
					"enabled": true
				},
				{
					"key": "contactId",
					"value": "12",
					"type": "text",
					"enabled": true
				},
				{
					"key": "phone",
					"value": "18229786544",
					"type": "text",
					"enabled": true
				},
				{
					"key": "name",
					"value": "zthtest",
					"type": "text",
					"enabled": true
				},
				{
					"key": "file",
					"value": "",
					"type": "file",
					"enabled": true
				}
			],
			"dataMode": "params",
			"name": "/umeox/device/contact/update——3.4.修改联系人信息",
			"description": "file为头像文件，可选",
			"descriptionFormat": "html",
			"time": 1467958055414,
			"version": 2,
			"responses": [],
			"tests": null,
			"currentHelper": "normal",
			"helperAttributes": {},
			"folder": "e62342c2-a290-7c9e-f2ad-17addba9eba2"
		},
		{
			"id": "84c879fb-7bb9-a7d1-9eed-3ee11eca04d8",
			"headers": "",
			"url": "http://{{ip}}:{{port}}/umeox/device/barrier/list?access_token=fe10a299-6950-4f57-a163-6d4b4171aac3&deviceId=357409039059268",
			"pathVariables": {},
			"preRequestScript": null,
			"method": "GET",
			"collectionId": "9e90e5fd-0956-9c9a-5bfa-7f63f98aab4e",
			"data": null,
			"dataMode": "params",
			"name": "/umeox/device/barrier/list——3.14.获取安全区域列表",
			"description": "",
			"descriptionFormat": "html",
			"time": 1467966831176,
			"version": 2,
			"responses": [],
			"tests": null,
			"currentHelper": "normal",
			"helperAttributes": {},
			"folder": "e62342c2-a290-7c9e-f2ad-17addba9eba2"
		},
		{
			"id": "8ad446cf-f23f-b228-7f87-a9946eecb39d",
			"headers": "",
			"url": "http://{{ip}}:{{port}}/umeox/server/config/get?deviceId=866949021300471",
			"pathVariables": {},
			"preRequestScript": null,
			"method": "GET",
			"collectionId": "9e90e5fd-0956-9c9a-5bfa-7f63f98aab4e",
			"data": null,
			"dataMode": "params",
			"name": "/server/config/get——5.1.获取服器配置信息",
			"description": "获取服务器配置信息。设备开机后调用此接口获取服务器配置信息此接口不需要凭证信息",
			"descriptionFormat": "html",
			"time": 1466387850383,
			"version": 2,
			"responses": [],
			"tests": null,
			"currentHelper": "normal",
			"helperAttributes": {},
			"folder": "be40ca42-15ff-a1fd-b741-63b995668930"
		},
		{
			"id": "8ef3dc86-ac31-7ebe-29f8-4029ffcdcd42",
			"headers": "",
			"url": "http://{{ip}}:{{port}}/umeox/device/getSportInfo?access_token=fe10a299-6950-4f57-a163-6d4b4171aac3&deviceId=357409039059268",
			"pathVariables": {},
			"preRequestScript": null,
			"method": "GET",
			"collectionId": "9e90e5fd-0956-9c9a-5bfa-7f63f98aab4e",
			"data": null,
			"dataMode": "params",
			"name": "/umeox/device/getSportInfo——3.18.获取运动计步数据",
			"description": "",
			"descriptionFormat": "html",
			"time": 1467968401551,
			"version": 2,
			"responses": [],
			"tests": null,
			"currentHelper": "normal",
			"helperAttributes": {},
			"folder": "e62342c2-a290-7c9e-f2ad-17addba9eba2"
		},
		{
			"id": "9e32eb96-55e0-ec81-a09b-832d15210507",
			"headers": "",
			"url": "http://{{ip}}:{{port}}/umeox/device/getClassTime?access_token=fe10a299-6950-4f57-a163-6d4b4171aac3&deviceId=357409039059268",
			"pathVariables": {},
			"preRequestScript": null,
			"method": "GET",
			"collectionId": "9e90e5fd-0956-9c9a-5bfa-7f63f98aab4e",
			"data": null,
			"dataMode": "params",
			"name": "/device/getClassTime——3.13.获取上课禁用时段",
			"description": "",
			"descriptionFormat": "html",
			"time": 1467966759227,
			"version": 2,
			"responses": [],
			"tests": null,
			"currentHelper": "normal",
			"helperAttributes": {},
			"folder": "e62342c2-a290-7c9e-f2ad-17addba9eba2"
		},
		{
			"id": "b675cc31-e91f-0929-990b-3e62b520b013",
			"headers": "",
			"url": "http://{{ip}}:{{port}}/umeox/device/step/upload?access_token=fe10a299-6950-4f57-a163-6d4b4171aac3&deviceId=357409039059268",
			"pathVariables": {},
			"preRequestScript": null,
			"method": "POST",
			"collectionId": "9e90e5fd-0956-9c9a-5bfa-7f63f98aab4e",
			"data": [],
			"dataMode": "raw",
			"name": "/umeox/device/step/upload——3.19.上报计步数据",
			"description": "参数是reportTime 而不是stepTime",
			"descriptionFormat": "html",
			"time": 1467968825902,
			"version": 2,
			"responses": [],
			"tests": null,
			"currentHelper": "normal",
			"helperAttributes": {},
			"folder": "e62342c2-a290-7c9e-f2ad-17addba9eba2",
			"rawModeData": "{\r\n \"deviceId\":\"357409039059268\",\r\n \"reportTime\":\"160708170100\",\r\n \"stepCount\":10000\r\n}\r\n"
		},
		{
			"id": "b71225f1-d0b4-5bd5-26b2-c43a7473342b",
			"headers": "",
			"url": "http://{{ip}}:{{port}}/umeox/device/contact/delete?access_token=fe10a299-6950-4f57-a163-6d4b4171aac3",
			"pathVariables": {},
			"preRequestScript": null,
			"method": "POST",
			"collectionId": "9e90e5fd-0956-9c9a-5bfa-7f63f98aab4e",
			"data": [],
			"dataMode": "raw",
			"name": "/device/contact/delete——3.5.删除设备的联系人",
			"description": "删除：\n通话记录callRecords\n亲情号码familyNumber\n监护人Monitor\n好友关系imRelation\n信息设置msgSetting（sos通知设置）\n\n\n",
			"descriptionFormat": "html",
			"time": 1467958372414,
			"version": 2,
			"responses": [],
			"tests": null,
			"currentHelper": "normal",
			"helperAttributes": {},
			"folder": "e62342c2-a290-7c9e-f2ad-17addba9eba2",
			"rawModeData": "{\n\"deviceId\":\"357409039059268\",\n\"contactId\":\"1\"\n}"
		},
		{
			"id": "d3f236c2-0e2c-e51b-99ea-2af389fc97bc",
			"headers": "",
			"url": "http://{{ip}}:{{port}}/umeox/device/config/get?access_token=fe10a299-6950-4f57-a163-6d4b4171aac3&deviceId=866949021300471&timeZoneId=Asia/Shanghai&mcc=460&iccid=11111111111111111111",
			"preRequestScript": null,
			"pathVariables": {},
			"method": "GET",
			"data": null,
			"dataMode": "params",
			"version": 2,
			"tests": null,
			"currentHelper": "normal",
			"helperAttributes": {},
			"time": 1467944355323,
			"name": "/device/config/get——3.1.获取设备初始配置信息 copy",
			"description": "获取设备信息\n1、deviceId使用IMEI号\n2、iccid代表着手机卡\n3、当服务器的环境为国内环境时，需要校验\n    a、手机卡是否匹配\n    b、是否为合约机\n\n",
			"collectionId": "9e90e5fd-0956-9c9a-5bfa-7f63f98aab4e",
			"responses": [],
			"folder": "e62342c2-a290-7c9e-f2ad-17addba9eba2"
		},
		{
			"id": "d3fb599c-f499-8017-c057-998e2d667403",
			"headers": "",
			"url": "http://{{ip}}:{{port}}/umeox/device/alarm/list?access_token=fe10a299-6950-4f57-a163-6d4b4171aac3&deviceId=357409039059268",
			"pathVariables": {},
			"preRequestScript": null,
			"method": "GET",
			"collectionId": "9e90e5fd-0956-9c9a-5bfa-7f63f98aab4e",
			"data": null,
			"dataMode": "params",
			"name": "/umeox/device/alarm/list——3.10.获取闹钟列表",
			"description": "",
			"descriptionFormat": "html",
			"time": 1467960406418,
			"version": 2,
			"responses": [],
			"tests": null,
			"currentHelper": "normal",
			"helperAttributes": {},
			"folder": "e62342c2-a290-7c9e-f2ad-17addba9eba2"
		},
		{
			"id": "d4c64cec-c2fe-0950-64a3-79efe4c63d4b",
			"headers": "",
			"url": "http://{{ip}}:{{port}}/umeox/device/sos/uploadRecord?access_token=fe10a299-6950-4f57-a163-6d4b4171aac3",
			"pathVariables": {},
			"preRequestScript": null,
			"method": "POST",
			"collectionId": "9e90e5fd-0956-9c9a-5bfa-7f63f98aab4e",
			"data": [],
			"dataMode": "raw",
			"name": "/device/sos/uploadRecord——3.8.上报SOS录音文件",
			"description": "上报SOS录音文件： \n1. 先调用文件上传接口，获取返回文件ID;（公共接口文档尾部）\n2. 通过上报SOS接口的返回sosId和文件上传接口文件ID，调用此接口",
			"descriptionFormat": "html",
			"time": 1467959238972,
			"version": 2,
			"responses": [],
			"tests": null,
			"currentHelper": "normal",
			"helperAttributes": {},
			"folder": "e62342c2-a290-7c9e-f2ad-17addba9eba2",
			"rawModeData": "{ \r\n  \"deviceId\":\"357409039059268\", \r\n  \"reportTime\":\"160708112100\",   \r\n  \"sosId\":100,\r\n  \"fileId\":\"/upload/xxx.amr\"\r\n }\r\n"
		},
		{
			"id": "de8285a4-2993-b15b-1de9-ceaec9d0ea2f",
			"headers": "",
			"url": "http://{{ip}}:{{port}}/umeox/device/location/upload?access_token=fe10a299-6950-4f57-a163-6d4b4171aac3",
			"preRequestScript": null,
			"pathVariables": {},
			"method": "POST",
			"data": [],
			"dataMode": "raw",
			"version": 2,
			"tests": null,
			"currentHelper": "normal",
			"helperAttributes": {},
			"time": 1467948370912,
			"name": "/device/location/upload——3.6.&&3.7.上报地理位置 &SOS",
			"description": "reporttime\r\n1、国外环境： 必须在前天（today-2）与后天（today+2）之间\r\n   国内环境：\t 必须是当天之内\r\n2、格式：YYMMDDHHMMSS",
			"collectionId": "9e90e5fd-0956-9c9a-5bfa-7f63f98aab4e",
			"responses": [],
			"folder": "e62342c2-a290-7c9e-f2ad-17addba9eba2",
			"rawModeData": "{ \r\n  \"deviceId\":\"357409039059268\",\r\n  \"reportReason\":1, \r\n  \"reportReasonAttr\":\"323b453885f5181e\", \r\n  \"reportTime\":\"160708112100\",  \r\n  \"locationMode\":0,\r\n  \"lat\":29.71711099393748,\r\n  \"lng\":118.32757277606214,\r\n  \"address\":\"广东省 深圳市 南山区 高新南一道 靠近中科大厦裙楼\",\r\n  \"radis\":100,\r\n  \"mcc\":\"460\",\r\n  \"mnc\":0,\r\n  \"stepCount\":2000\r\n}\r\n"
		},
		{
			"id": "f3e2c26c-78b5-fb78-3c01-025ae2a30bd1",
			"headers": "",
			"url": "http://{{ip}}:{{port}}/umeox/device/getConcernTime?access_token=fe10a299-6950-4f57-a163-6d4b4171aac3&deviceId=357409039059268",
			"pathVariables": {},
			"preRequestScript": null,
			"method": "GET",
			"collectionId": "9e90e5fd-0956-9c9a-5bfa-7f63f98aab4e",
			"data": null,
			"dataMode": "params",
			"name": "/umeox/device/getConcernTime——3.9.获取特殊关爱时段",
			"description": "3.9\t获取特殊关爱时段",
			"descriptionFormat": "html",
			"time": 1467960327568,
			"version": 2,
			"responses": [],
			"tests": null,
			"currentHelper": "normal",
			"helperAttributes": {},
			"folder": "e62342c2-a290-7c9e-f2ad-17addba9eba2"
		},
		{
			"id": "facdf6d9-9c62-b452-ec1c-3be359a94d38",
			"headers": "",
			"url": "http://{{ip}}:{{port}}/umeox/device/alarm/delete?access_token=fe10a299-6950-4f57-a163-6d4b4171aac3",
			"pathVariables": {},
			"preRequestScript": null,
			"method": "POST",
			"collectionId": "9e90e5fd-0956-9c9a-5bfa-7f63f98aab4e",
			"data": [],
			"dataMode": "raw",
			"name": "/device/alarm/delete——3.12.删除闹钟",
			"description": "",
			"descriptionFormat": "html",
			"time": 1467965276245,
			"version": 2,
			"responses": [],
			"tests": null,
			"currentHelper": "normal",
			"helperAttributes": {},
			"folder": "e62342c2-a290-7c9e-f2ad-17addba9eba2",
			"rawModeData": "{\r\n \"deviceId\":\"357409039059268\",\r\n \"alarmId\":1\r\n}\r\n"
		}
	]
}