<?xml version="1.0" encoding="UTF-8"?>
<configuration scan="true">
    <!--copy from base.xml -->
    <conversionRule conversionWord="clr" converterClass="org.springframework.boot.logging.logback.ColorConverter" />
    <conversionRule conversionWord="wex" converterClass="org.springframework.boot.logging.logback.WhitespaceThrowableProxyConverter" />

    <property name="CONSOLE_LOG_PATTERN" value="%clr(%d{yyyy-MM-dd HH:mm:ss.SSS}){faint} %clr(%5p) %clr(${PID:- }){magenta} %clr(---){faint} %clr([%15.15t{14}]){faint} %clr(%-40.40logger{39}){cyan} %clr(:){faint} %m%n%wex"/>
    <property name="FILE_LOG_PATTERN" value="%d{yyyy-MM-dd HH:mm:ss.SSS} %5p ${PID:- } --- [%t] %-40.40logger{39} : %m%n%wex"/>

    <appender name="CONSOLE" class="ch.qos.logback.core.ConsoleAppender">
        <encoder>
            <charset>utf-8</charset>
            <Pattern>${CONSOLE_LOG_PATTERN}</Pattern>
        </encoder>
    </appender>

     <!--The FILE and ASYNC appenders are here as examples for a production configuration -->
    <appender name="FILE" class="ch.qos.logback.core.rolling.RollingFileAppender">
        <rollingPolicy class="ch.qos.logback.core.rolling.TimeBasedRollingPolicy">
            <fileNamePattern>oauth2-service.%d{yyyy-MM-dd}.log</fileNamePattern>
            <maxHistory>30</maxHistory>
        </rollingPolicy>
        <encoder>
            <charset>utf-8</charset>
            <Pattern>${FILE_LOG_PATTERN}</Pattern>
        </encoder>
    </appender>
    <appender name="ASYNC" class="ch.qos.logback.classic.AsyncAppender">
        <queueSize>512</queueSize>
        <appender-ref ref="FILE"/>
    </appender> 
    
    <logger name="javax.activation" level="WARN"/>
    <logger name="javax.mail" level="WARN"/>
    <logger name="javax.xml.bind" level="WARN"/>
    <logger name="ch.qos.logback" level="WARN"/>
    <logger name="com.codahale.metrics" level="WARN"/>
    <logger name="com.ryantenney" level="WARN"/>
    <logger name="com.sun.xml.internal.bind" level="WARN"/>
    <logger name="com.zaxxer" level="WARN"/>
    <logger name="io.undertow" level="WARN"/>
    <logger name="net.sf.ehcache" level="WARN"/>
    <logger name="org.apache" level="WARN"/>
    <logger name="org.apache.catalina.startup.DigesterFactory" level="OFF"/>
    <logger name="org.bson" level="WARN"/>
    <logger name="org.hibernate.validator" level="WARN"/>
    <logger name="org.hibernate" level="WARN"/>
    <logger name="org.hibernate.ejb.HibernatePersistence" level="OFF"/> 
    <logger name="org.springframework" level="WARN"/>
    <logger name="org.springframework.web" level="WARN"/>
    <logger name="org.springframework.security" level="WARN"/>
    <logger name="org.springframework.cache" level="WARN"/>
    <logger name="org.eclipse.jetty" level="WARN" />
    <logger name="io.netty" level="WARN" /> <!--for  netty -->


    <contextListener class="ch.qos.logback.classic.jul.LevelChangePropagator">
        <resetJUL>true</resetJUL>
    </contextListener>

    <root level="${logback.loglevel}">
        <!-- <root level="INFO">-->
        <appender-ref ref="CONSOLE"/>
        <appender-ref ref="FILE"/> 
    </root>

</configuration>